EMPLOYEE_ID,FULL_NAME,DEPARTMENT_CODE,JOB_TITLE,SALARY_BAND,RECORD_UPDATED_AT,LAST_LOGIN_AT,BATCH_ID
E01,Ana Ruiz,ENG,Engineer II,B3,2026-03-10 09:00:00,2026-04-30 18:05:00,1
E02,Ben Okafor,ENG,Senior Engineer,B4,2026-02-01 10:00:00,2026-04-30 09:12:00,1
E03,Chloe Martin,OPS,Operations Analyst,B2,2026-01-15 08:30:00,2026-04-29 16:40:00,1
E04,Dev Patel,OPS,Operations Manager,B4,2025-11-20 11:00:00,2026-04-30 08:01:00,1
E05,Erin Walsh,FIN,Accountant,B3,2026-04-02 14:00:00,2026-04-28 12:30:00,1
E06,Farid Haddad,SALES,Account Executive,B3,2026-03-28 09:45:00,2026-04-30 17:55:00,1
E07,Grace Liu,FIN,Controller,B5,2025-12-05 13:00:00,2026-04-27 10:10:00,1
E01,Ana Ruiz,ENG,Engineer II,B3,2026-03-10 09:00:00,2026-05-01 17:20:00,2
E02,Ben Okafor,ENG,Senior Engineer,B4,2026-02-01 10:00:00,2026-05-01 08:58:00,2
E03,Chloe Martin,LOG,Operations Analyst,B2,2026-01-15 08:30:00,2026-05-01 15:02:00,2
E04,Dev Patel,LOG,Operations Manager,B4,2025-11-20 11:00:00,2026-05-01 07:45:00,2
E05,Erin Walsh,FIN,Senior Accountant,B4,2026-05-01 16:20:00,2026-05-01 16:25:00,2
E01,Ana Ruiz,ENG,Engineer III,B4,2026-05-02 10:30:00,2026-05-02 18:10:00,3
E02,Benedict Okafor,ENG,Senior Engineer,B4,2026-05-02 11:00:00,2026-05-02 09:05:00,3
E03,Chloe Martin,LOG,Operations Analyst,B2,2026-01-15 08:30:00,2026-05-02 14:48:00,3
E05,Erin Walsh,FIN,Senior Accountant,B4,2026-05-01 16:20:00,2026-05-02 11:37:00,3
E07,Grace Liu,FIN,Controller,B5,2026-05-02 15:00:00,2026-05-02 15:20:00,3
E08,Hana Sato,SALES,Account Executive,B3,2026-05-02 09:00:00,2026-05-02 16:00:00,3
