ACCOUNT_ID,ACCOUNT_NAME,CONTRACT_TIER,BILLING_REGION,ACCOUNT_STATUS,UPDATED_AT,BATCH_ID
A100,Northwind Logistics,STANDARD,EMEA,ACTIVE,2026-03-01 00:00:00,1
A200,Helios Freight,STANDARD,AMER,ACTIVE,2026-03-02 00:00:00,1
A300,Cobalt Retail,PREMIUM,AMER,ACTIVE,2026-03-03 00:00:00,1
A100,Northwind Logistics,PREMIUM,EMEA,ACTIVE,2026-03-12 09:30:00,2
A400,Vela Agritech,STANDARD,APAC,ACTIVE,2026-03-14 10:00:00,2
A300,Cobalt Retail,PREMIUM,AMER,CHURNED,2026-03-18 16:00:00,2
A200,Helios Freight,PREMIUM,AMER,ACTIVE,2026-03-15 08:00:00,3
A100,Northwind Logistics,PREMIUM,UK,ACTIVE,2026-03-20 14:00:00,3
A200,Helios Freight,ENTERPRISE,AMER,ACTIVE,2026-03-22 11:00:00,3
A400,Vela Agritech,PREMIUM,APAC,ACTIVE,2026-03-25 07:45:00,3
